"","y","x1","x2","x3","x4","x5","x6","x7"
"1",22.5187619209619,0.628839953688584,-0.151019665197112,1.19153292329773,0.135664633155458,0.486278973008538,-0.129350409251235,0.0759770355245477
"2",9.42485674290834,-1.05462385881824,-0.105389990658534,0.80471639699658,-0.245348910727765,-1.1477854443556,-1.16466505980617,0.199032774195075
"3",34.5657041126312,0.0457742438560403,0.759459443364434,1.4755256824188,0.554054954123507,0.802290058027465,0.407810847722737,1.23396525900335
"4",13.0549724219291,-0.121815217988356,-1.24266942666451,1.57993796536129,0.564658782542039,-1.36757271351064,-0.50217793208776,1.1490091913891
"5",26.6171684827905,1.02829705398998,-0.589846189355257,0.906241733687243,-0.134632329812509,0.455706593723512,-0.492203693657927,2.93716492487078
"6",-11.6103955309878,-0.550719100968628,-2.0391117961546,0.256989325207154,-0.688572924884613,-2.57713973299488,-1.18510967744998,0.228954405208067
"7",0.28584252366311,-1.7619721243479,-0.561183092281443,1.18963300776535,0.138406030989536,-2.32323133248205,-1.07152540551872,0.0955623451842967
"8",-8.34926757214431,-1.08515961350602,1.26053557002851,0.869913559400008,-0.110231725585969,0.174745116097443,-0.16590598926396,0.11151151519296
"9",-9.7425504344911,-0.869359626303664,-0.65026870510027,1.03576790313966,0.128096895461768,-1.52144417137571,0.378953447395024,0.533598292153329
"10",1.27223942123071,-0.960382342008929,0.902564594842447,1.42164768351053,0.450751137566464,-0.0557983986399931,-0.16602380703435,1.52352311640027
"11",13.7880251588781,0.00993181823674862,-1.15267643103956,-1.23187753258061,-2.27091813000864,-1.13204708163351,0.526010035395318,2.24501161994242
"12",37.3586719568714,1.29407350453649,0.163638632908749,3.16176692196602,2.13664258067018,1.46545102569195,-0.417967444319101,0.472460688557476
"13",-56.1034318005683,-2.65942635016938,0.878033463538919,-0.36661879450737,-1.40248077152284,-1.76816165988672,-0.778692780417552,2.05511860913577
"14",35.3382524790931,0.1466955047371,0.78953080644922,1.67432588084123,0.638246467707162,0.946295968458562,-0.70685675416675,1.06037617377461
"15",12.2398953074599,0.0242365162756989,-0.739685903545312,1.42928737154345,0.37579865359239,-0.706375566708846,-0.468801619410466,0.793273229109955
"16",1.86984052296618,-0.280512062165458,-1.05373403142796,1.27589151076841,0.361215329003816,-1.34494716016922,-0.25615920511109,1.12308877795459
"17",3.02618140944385,-0.604304766246559,-0.276339609214843,0.267622983871939,-0.736028686125256,-0.87328336505173,0.852643781011342,0.187934255693108
"18",8.02209100625569,-0.111613738782552,-0.383572352923779,-0.423402670189438,-1.43561167684963,-0.488839648342929,0.639878035878335,0.237606877461076
"19",-5.01729819373809,-1.1934497954309,0.3785313156465,1.52349925821391,0.575975519078481,-0.826225568145099,0.607753201921231,0.095388995581636
"20",37.2306152935755,1.32551178808329,-0.0971276731967479,1.07900564854846,0.0376647675615339,1.25106964861756,-0.591074867318721,0.126621124334633
"21",36.3778468824285,-0.451719863883098,0.581957542762826,0.22290626791114,-0.713406330190855,0.14464407723452,-1.00800198291681,0.407325112726539
"22",36.4725420738714,0.686375823209339,-0.0243527903716899,0.813712422384145,-0.242207142472539,0.643954575915989,0.479399497301505,0.511986047495157
"23",52.1324284043958,1.39172368680353,-0.638773186990277,0.566548473630701,-0.385265225283375,0.784223286099307,-2.98137166993878,0.699611978885499
"24",-16.8982777891621,-1.45020126385166,-1.13761246643535,-0.539722674505237,-1.54163236987616,-2.56307027985663,0.809506283921972,0.323124081060797
"25",36.0481447423138,0.613811164016987,0.63232525991581,0.232633910819706,-0.760787679286124,1.23558187414382,1.28833608549396,0.0650728101840107
"26",14.2425248144728,0.896610688560416,0.296589431620614,-0.347703989040718,-1.32610811503632,1.2030992191903,0.498918600909338,1.21283163684876
"27",10.7386531655782,0.593249556574652,0.536327827918958,0.344220174359201,-0.662408212463126,1.11540276295229,1.59728621379464,0.0683466391637921
"28",6.87347777765849,0.110989687979219,1.00446648074464,0.69010643245412,-0.250876522100809,1.11421653424754,-1.1340510965703,6.08680199053059
"29",56.9326929645328,1.60518583145675,0.334999703520215,1.93037044744499,0.880541320805659,1.94233965355886,-0.429013148663799,1.40419154597921
"30",10.194053579479,-0.463289200922071,2.18754706132525,1.80933569254318,0.774666740896854,1.71498260353699,0.0385807647088883,0.50012403074652
"31",-16.4145495123079,-1.81503323660398,-0.0791032036484484,1.76092128030447,0.82100713186191,-1.89142967770913,-0.478945705120028,0.250588670372963
"32",58.6381517596967,2.12147529964326,0.919673473944962,3.15679927298444,2.24815789686816,3.04599872033537,2.66476642015496,0.0663715391419828
"33",23.618338800839,0.460763870317394,-0.0409772893491563,2.09009197849406,1.16350810461077,0.429844263148598,0.415803454747407,2.90897156281357
"34",-20.1189030598409,-0.704322086352027,-1.83917534872667,1.1694336288469,0.196596485809267,-2.55393487926566,-0.311644610632485,1.50883100359681
"35",31.7409734398934,0.856010370682088,-0.0631762326152466,0.471212836909555,-0.492193541927756,0.789137785914421,-0.419460111766706,0.104041084647179
"36",6.09054018098091,-0.517031135097026,-0.0552440128267067,0.82134505178547,-0.116219834522161,-0.590234229225771,-0.421692314195721,0.345555968116969
"37",21.4876158399685,0.58061276546316,-0.646706829672841,1.71482835125669,0.66801226387425,-0.0591923243067987,0.375204030585758,0.945630975025606
"38",14.9625408499932,-0.0702620602162223,-2.4052418280092,-0.00714022136935899,-1.01243412909219,-2.48155264029096,0.400601678034859,0.807485937098873
"39",33.0876037847234,1.01568325330875,-0.223892617031667,1.55211113390955,0.56066133915439,0.801811310981586,-1.16691801819039,0.043456127110528
"40",30.2333956775326,0.856123199667074,-1.42913417934436,1.43998402580722,0.429455720467907,-0.569932217497267,-0.673644409364056,0.134650898480423
"41",-1.71179485373893,-0.516470243686247,0.927759697583142,-0.135875326047317,-1.1947948188792,0.417339721112417,-0.417262732411818,1.22499911576034
"42",-1.51907793592538,-0.731852628517134,-1.57436449518512,-0.392567463839601,-1.38693919341585,-2.30533465921384,-0.263727755040987,1.06669240282827
"43",30.5337644850808,0.989945773806564,1.30755369320034,1.76929261829057,0.715789133192932,2.29678723904703,2.78911907493526,1.70232143652393
"44",7.97225884254405,-0.1716215394479,0.40353544607519,-0.241136017626553,-1.28591465650876,0.228377759749953,1.06325524567861,0.235787948593497
"45",44.2828370056065,0.894301507923634,-1.01749375706446,1.15018772668663,0.131633646643393,-0.127335098831979,-0.966264335179347,0.0492634967157666
"46",32.7343604247768,0.620061289774957,0.0497797583117467,1.81975449960658,0.839477106385839,0.662757029742277,0.284409499989426,0.470368731157379
"47",5.62601136050152,0.395490611325882,1.75688267409727,-0.76457696685731,-1.74823545257397,2.1644935276074,-2.75213433656844,0.576583538670093
"48",25.1749742979987,0.69088717445512,0.449312539400608,1.51414645068373,0.42852409058622,1.14440110414999,0.580868510108198,1.26994713950427
"49",-5.03266203494841,-0.863263961729558,0.643359642986942,2.13942808591665,1.16304089701651,-0.229496692625697,-0.29703224951385,1.31389353513242
"50",5.69622376603786,-0.408334333063908,0.605686655876883,0.197227324921665,-0.832791261375599,0.199157366915829,0.424280450176494,2.07493708460572
"51",9.03400726389704,-0.407018592552767,1.11280179423814,2.9751822583469,1.97840033223205,0.715216398859971,0.654578717658793,0.552759718615562
"52",2.97480862080151,-1.440342225512,-0.911115702342044,2.52708242547672,1.45368075550449,-2.35852848649815,0.690203205061921,0.375198792200536
"53",-0.811864227385982,-1.00630490927934,0.114777856574385,2.80056266140396,1.82875820112499,-0.885900301085399,-1.21196807816107,0.518020589370281
"54",42.9448911060046,0.698868945519277,-0.0790524374827378,2.33619378921201,1.3597927011379,0.630135603957824,0.961175563267731,0.167096087855912
"55",-0.686573042488655,-0.458295522750027,0.36668282069043,2.59397659613952,1.61966212070498,-0.100005767179665,-0.490781555605004,0.412867280633197
"56",9.71943951804496,0.0955828231115382,0.546832177304558,0.299247003437591,-0.625851628335133,0.652201768003497,-0.984884224723291,0.227711034783402
"57",30.3186440344463,1.57140843660958,0.973718932807524,0.929723055116119,-0.0407303382121532,2.55456106391767,-1.72425814066377,0.41643413156271
"58",19.756846953519,-0.743615130465855,1.58412560473082,0.736665393464276,-0.153474269147718,0.846394792369451,1.24100050819264,0.748564179013384
"59",-3.74213231105628,-0.739313801612068,-0.0802408073918244,-0.576179986500894,-1.55720242768913,-0.821835095378476,0.403274721617812,0.337653723545372
"60",27.2046020743616,0.534510025885337,-0.629381127572411,1.08138398632628,0.00906414149811951,-0.0911919549812765,-0.26372844534212,1.01204425744237
"61",-6.6831815765861,-0.366680615075865,2.19462667646182,0.0367798580553693,-0.957549839699707,1.82561457108463,2.21223844725959,1.38971396026571
"62",14.6480018422092,-0.280385996343176,-0.323800078183453,1.13612189993962,0.15253669660948,-0.593288289663276,0.31297472160976,0.746690912105094
"63",10.2904696246052,-0.678201585055821,-0.942008555049803,0.412535400214635,-0.644706470309512,-1.63812354517328,-0.683292128772393,0.45298207225278
"64",6.9924475799643,-0.104166069645433,1.271010601125,0.0180752788450769,-1.02413468249481,1.17005813990163,1.00113519646767,2.3189490380368
"65",-7.91398007962623,-1.18028633143175,-0.0943556248214188,1.99565608747322,0.958949978954444,-1.27960080162548,-1.28422233993978,3.64575199953156
"66",5.72928665270841,-0.867930865171633,-1.74215596610829,1.10904902106694,0.026662056181725,-2.61341367168899,0.213475866894171,0.132869907654822
"67",-4.84336481132553,-0.713380170282814,0.599505705028022,0.393575423753592,-0.612907803825975,-0.112222285597804,0.304910831079762,2.72847044641588
"68",10.5950476671139,0.693686296721371,1.16461929277487,0.801887732463662,-0.243258206743211,1.86906656349214,1.97064569447714,2.08395972649071
"69",6.74396789884774,-0.665439331826649,-1.18142759773264,1.96923214725397,0.927697687805621,-1.85407738899662,-0.203759126116449,0.155290374998003
"70",47.6111859986104,0.751841190738721,-0.109433212995997,0.137447370840909,-0.815900399035242,0.640276876681284,1.59508217885183,1.03822384718256
"71",-15.0363423858248,-1.31220113058293,0.187197263548033,0.0443134699007194,-0.900673442014925,-1.13218839099503,0.457203737178527,0.387329450808465
"72",24.263945977935,1.40105032426907,-0.886800522224318,1.32452014884125,0.349301377708585,0.503951354079021,-1.12409589528365,0.406994348391891
"73",-29.6881777879147,-1.84719528743031,-0.93769795101271,0.308798596563102,-0.696734313238302,-2.78629782770407,-0.137854098907343,2.02712701252642
"74",35.7677669046398,1.48408412309524,-0.519845308343595,0.295313438973229,-0.661199770146301,0.963835296612658,-1.16052016478563,0.486169409938157
"75",42.9524285153198,2.04000820014676,0.591855806448789,0.416042588095676,-0.530472228464533,2.60668720856184,0.169634991522562,0.206732794992465
"76",39.2389927853344,0.985221201501399,-0.411021337606696,1.0717703000694,0.03844726363242,0.573501607209938,-0.736621395794447,0.159423476777807
"77",45.5600219747235,0.73931884821915,0.676293001241443,1.69335261634848,0.745860183345668,1.4159127616764,-0.511958608536521,0.153393586835389
"78",36.7631365865909,1.43205511558721,1.7667339590498,0.89175675822253,-0.13080241235922,3.1915836545575,0.863664820382566,0.431342486215302
"79",-5.03613973260296,-0.382893667554018,-1.45824311120094,2.2032478048273,1.13204222507476,-1.82949155815755,-0.296887330500349,0.19895151630044
"80",-3.58530587683742,-0.995401687491111,0.749814884937576,0.423238695393937,-0.576539266726234,-0.24776916061726,0.721005603792405,1.47161023310366
"81",21.6236251051326,0.66692507449111,-0.503102894641022,1.2508018717491,0.240502527841224,0.167045114902342,-0.112129394636092,1.82210396026343
"82",44.5524600351066,0.899257947916915,-0.517437557576852,2.41515242286876,1.36387789887541,0.387757705810967,-0.261688468691893,0.136855570599437
"83",34.2132734137305,1.42933762282242,-0.165534787647339,1.20346808392464,0.185119749881951,1.24797719138661,-0.780403529760001,1.46545880391861
"84",20.6405630629359,0.0366208934553059,-0.771182120706839,0.520181304491117,-0.530807241161739,-0.744102082357056,0.61037060506323,0.514677130617201
"85",-6.08527810879134,-1.21580814316966,-0.771469666761237,-0.487137947208768,-1.4765924932549,-1.97876679299732,0.607528393647132,0.887327593709243
"86",52.1264806463327,1.73132784153603,-0.627515585882258,3.35083579079785,2.2375577320256,1.1055812494886,1.44081731879064,0.227771881949475
"87",5.59595521459794,-0.69869477783959,-0.49465105282891,0.468094187746661,-0.581915460678115,-1.17933536896409,-0.339411658119371,0.576276281406086
"88",-10.6272002819453,-0.61451266161725,-0.988221886324229,-0.227694554847423,-1.24497745814386,-1.59378353846439,0.673898535080583,0.360713441390544
"89",35.6092010382124,-0.148663313839937,1.07658610150928,1.91828075519368,0.91345345468431,0.926708464519834,-0.168140666523718,0.525886353105307
"90",46.5404728993481,1.22759851308937,-0.401812661294991,1.39328574733211,0.242472483839315,0.815000949745248,-0.118595623404329,0.583296293392777
"91",33.4432012341101,1.66508555819784,-1.2824529774457,1.92701998076667,0.885695766077536,0.397074079459053,0.905845716984204,0.19652751166838
"92",-3.67877988993851,-1.71029120502614,-0.718765172248221,1.69080829843174,0.653947111863026,-2.4239819386471,-0.427327306832591,0.353189438115805
"93",32.3280873807119,0.0825828055609686,1.68486727945069,1.83105340363153,0.726579960764081,1.75698540703841,1.50498539665007,0.503811534277867
"94",2.86236001615589,-1.26962034956004,1.44446975457154,3.50006439941285,2.48964932241402,0.172894386414724,-0.80861132664948,0.938909147824061
"95",31.6089628540985,0.793048627046932,-1.3039453925206,1.93343865903722,0.92279425398571,-0.51834261797282,-0.778751184863495,0.30889778258279
"96",15.5066880921006,-0.362121876270854,0.634104947268892,1.77275850423744,0.817194131165784,0.270187472400602,2.21375276072686,0.00466763041913509
"97",10.0014240691589,-0.223476634023923,1.78178250388498,1.29033528867076,0.235423880245726,1.56012839947345,1.73588940879926,0.585440346971154
"98",24.5049407008243,-0.0378160123629164,0.873151451051425,-0.810308169456158,-1.8032899758466,0.824705986361595,-0.263780538530108,0.256771159337171
"99",11.5639088549905,-0.217460502074676,-1.80673825723594,2.93575994917363,1.99634552023255,-2.03640679264131,2.91936808485923,0.0226554227884486
"100",25.253826350381,1.25329426629555,-0.497161948050082,0.340999260939038,-0.644677345087861,0.757345548001279,1.19914522186092,1.36969148642839
"101",8.21023336416571,-0.656905878361808,1.24420700412479,0.271273204511765,-0.724409726028956,0.576013198004267,-0.73965387794435,0.718512832145107
"102",12.0172789568654,-0.175338159428971,-1.28382512589629,1.15818160520213,0.236309800614551,-1.4566352630992,0.437029034418637,0.666518267709762
"103",26.6131908497895,-0.0502763012663614,0.0976372241060887,1.61410536695956,0.707392824984571,0.0541171231843309,-0.455066489991424,0.891175533602846
"104",8.13007123454031,0.0691534683209327,-0.146245552495813,1.75833593706119,0.608285387349513,-0.0806105793761475,1.06049741858411,3.12808642519598
"105",4.2274446344684,0.525078354663388,-0.976925227368327,0.0940594002321284,-0.883483469694316,-0.437560065127901,-1.14142407886069,0.631971932016313
"106",11.5794901385526,0.426947737389624,-0.663502614144858,1.09575942619151,0.146337329397847,-0.238325772264181,1.59770739624268,0.108026361092925
"107",22.9744967805266,-0.0431586934746768,0.154395328599911,1.65452990003454,0.67964854773147,0.107959894305739,1.36334489560413,2.61956219921324
"108",24.6529246268006,-0.366016710453806,-0.716256837985941,1.11075504484769,0.125972512249872,-1.07726109560122,0.601469414936154,0.273449094831838
"109",25.0240999261286,0.263565587537974,1.09332498668589,0.168955653824944,-0.891665473393526,1.34231414999994,0.899287968429426,1.55861399151619
"110",5.20476665053757,-0.0622650315938513,-0.350758423441657,-0.0209764514881542,-0.978135803551669,-0.413799084557482,-0.804847871017801,0.109805889893323
"111",6.64246229602211,0.0256490398156954,-0.193578625287308,1.54624170261168,0.544543145824556,-0.178753748763995,-1.05417551567067,0.92641099724443
"112",7.71523137213003,0.213799504852764,-1.89048380801436,1.29564089932868,0.275718413235679,-1.67494570901303,-0.0901655988777246,0.634608202813096
"113",-5.62430341594944,-1.39565350627928,-1.4831950662688,0.363937218645791,-0.678631755787805,-2.86825126130016,-0.588955202528892,0.605245424900204
"114",23.5326252827489,-0.115626383333888,0.606010836240883,1.20228920976099,0.180308803722388,0.493415189466356,-0.497305713119196,0.937914370517147
"115",3.5502670373538,-0.839578619660244,-0.114411810299,2.67124760697237,1.71677413883763,-0.960110404643884,0.52952493031484,0.196498527657241
"116",14.4890552845024,-0.30297637570966,0.369150758102945,0.946864932830262,-0.117234088243097,0.069130866877039,0.928346553123512,0.0270122037591208
"117",33.6060856749778,0.531760567390129,2.11117384525973,-0.471029072031972,-1.43406430963344,2.65162899627205,1.48184121458787,3.21010216308718
"118",8.69296561282068,-0.488924985317161,0.566907887284831,2.65002871638676,1.74525535653732,0.0831605153903408,0.468565372449003,1.04885170287403
"119",4.89741141745684,-0.819196048658909,-0.554002703979077,0.715238677643465,-0.323989811524765,-1.37266198490436,1.22775113027909,2.89282605840875
"120",40.3389215809091,-0.350775436670253,0.428830394977469,1.52414094787472,0.614511030963509,0.0821784208294552,-0.410005691498963,0.313351350370795
"121",-14.9448601125231,-2.42777429426727,0.729009037362784,1.438950300065,0.469344680574079,-1.70312351196627,-0.863732119264988,0.489130733534694
"122",-7.20414407306869,-1.1905428267932,0.800702574699656,-0.0406850508006329,-1.10343165613618,-0.394556510188405,0.63717627493725,2.66584361145709
"123",10.0619845726473,0.236719580456419,-1.13736617915132,0.480174445370543,-0.504183959691883,-0.894570706471861,0.391033915221521,0.201973281800747
"124",-8.62843108732262,-1.03160775171048,-0.441792814039837,1.03304385056417,-0.0441738710074147,-1.47198868684392,-0.642772966242641,0.314137761481106
"125",23.8080078846842,-0.216893306191604,1.02755373015862,2.08662474340811,1.13408393878795,0.816139479402457,-0.361062810354386,1.16498446180941
"126",20.2786473300535,0.191873802419721,-0.154177105988062,1.63608419378013,0.714908210491104,0.0516149104121308,-0.6089266406108,0.0602688095065011
"127",18.9045459919701,0.55602214473126,1.46322323647923,-0.578689083768571,-1.58310921610699,2.0216388805175,0.0405688929734214,0.118342651519924
"128",-1.84030348235795,-0.572081693724255,1.96681130155238,0.461825067121485,-0.551564781948012,1.39306165925777,0.0442479458711538,0.233864664565772
"129",-8.03464043142061,-1.331033684956,-1.98353119575196,1.67624596204363,0.65099043594845,-3.30485455716537,-1.03316742259105,0.230807333718985
"130",0.299791911033488,-0.725496606317932,0.0568467055881479,0.957387101475597,-0.0206173454451361,-0.67819618829726,0.811480872639536,2.12096701389865
"131",3.17064071489229,-0.93190610720413,-1.27993266506151,1.99087259350579,1.06466742570699,-2.20504605511003,0.0257242810972313,0.754497861455396
"132",22.4182050314689,0.908539233520543,0.0660434217914158,-1.11468554213115,-2.1085793587984,0.984836130177841,0.496517754139371,3.59137204827225
"133",22.6299455547663,0.592529539352999,-1.41638936195952,0.583352892814495,-0.420199066876112,-0.839976594659277,-1.01685927477073,0.702614827014873
"134",2.87692963375765,0.0708655356659356,0.313810363754435,0.860226562788902,-0.0364388789976161,0.37625177533025,-0.648996844523997,0.209601659327745
"135",20.9692015949899,0.0681916921904201,-1.04176062205494,1.32209142735268,0.323533891714042,-0.960879910011776,0.822820891626191,0.132116571534425
"136",26.2320089431356,0.523271162893072,-1.70330633020001,1.60994267958109,0.545938873654302,-1.17945816803778,0.626953860428357,0.409669018350542
"137",14.2097937689128,0.353686464048312,0.711574537782781,1.68338908422721,0.669954250732192,1.07545802859263,-0.885021473714931,0.164880575146526
"138",18.1136515452912,1.13233803258497,-0.943076525059397,0.963414757354365,-0.0846679737953381,0.194727126028987,-1.74340485391583,1.76797142854679
"139",0.358786742854129,0.663003848902577,0.12684460482408,-0.21286846928021,-1.27849343057597,0.798387135072475,-0.504561354624139,1.43923029462907
"140",7.54530950600235,-0.366436335924432,0.446458025815419,-0.740453148326531,-1.67391091434765,0.0750517969377009,1.15125742612835,2.42994442894448
"141",0.395341603093823,-0.53219260988421,-1.51046814472805,1.51476536639208,0.48463941530123,-2.03913913843852,-0.104891733549318,4.08796921829757
"142",0.433499608080911,0.273474784311596,0.187319054851143,-0.477445859353842,-1.51725426187973,0.467431811102343,-1.2497159918442,0.0942966967266444
"143",4.35500851213483,-1.10209868918706,-0.830582410670529,3.17776577519052,2.20513475317505,-1.93245124120575,-1.04646106964257,1.9481895341629
"144",14.4626782716306,0.667894611172226,1.20154225686385,1.38301651903486,0.395569598349586,1.89347566296698,1.78396172675003,0.781748484778118
"145",-12.6440182645217,-0.750801154691093,0.652331809259025,0.618449471339822,-0.329914540031443,-0.10104476706219,0.576984118989409,0.8925386968366
"146",9.37541243233142,-0.553090989458757,0.823438340330472,1.50254753095066,0.54666837985121,0.240238013374964,-0.699770785533334,2.33611205393884
"147",43.7049378400138,1.49145997192218,0.244508271126839,2.36197402257263,1.39830851770853,1.73740997203468,0.670693418294382,0.975186464426192
"148",11.3912491619993,0.158189194866564,0.393182000299533,1.10528350147412,0.19258885750299,0.536766804487193,1.24275837334165,0.949160791891527
"149",54.9485631455603,1.59590450553538,0.988706031456424,1.05229359617355,-0.0776048570231519,2.57550254299644,0.63251134219444,0.929651965345156
"150",20.9820133788186,-0.778199927936946,-1.65976979487307,-1.00507474977816,-2.07613202421682,-2.43784866393465,0.681453086542593,0.273615252692252
"151",23.4560159948045,1.6142359328129,-0.776754927090443,0.496671795528692,-0.500455496689184,0.827038004536117,0.864854287974253,0.541677101049572
"152",17.9934429911405,0.54336790691191,-0.201283054768985,0.536809322150103,-0.440477222546012,0.332259090321134,-1.86252896292524,1.55220200721195
"153",14.9781440634603,0.342708843585876,-0.165490926600568,0.124850631047542,-0.903645820838687,0.176159706787635,0.758466958217041,1.50615508659723
"154",25.6822442852392,0.334691619424415,0.554506109539014,0.961767916285735,0.0512651923885855,0.899734606123567,0.344326808336991,0.0301749522354434
"155",12.7361770258699,-0.0715597808604486,0.478123706594578,0.972133344705712,-0.039434166576895,0.397342278526344,0.833422826483414,1.01486820443989
"156",14.9687513396099,0.417672240029716,-0.511568271868556,0.540670455525152,-0.404557244220659,-0.0766210761040612,-0.140914166541055,0.882644133505741
"157",25.0191871526947,1.93565675118795,-1.97230605954082,0.0500567909616009,-0.930871288898562,-0.0340855108991549,-1.84593502203931,0.696625113445234
"158",8.33816809698948,-0.471661955960151,0.254303969051432,0.938599471488948,0.0267160482244711,-0.207870609587585,0.764387168720504,0.983809313694847
"159",8.86485704946432,0.422504451982937,-0.844857565280425,0.000140883412415915,-1.02796748185588,-0.423452416241158,-0.598128056976678,0.18091191072017
"160",-25.7275967348875,-1.37947073702425,1.03434823247096,0.455155369691234,-0.536808079889559,-0.353449803696696,-0.0933255945777239,1.64258368863704
"161",19.2237806718066,0.0892576887028799,1.80139766029249,1.80138120880955,0.827614778194871,1.89524596755859,-0.544848164865646,0.0646188668906689
"162",48.6555383185162,1.21946711445939,1.97543520057822,1.03767675841266,-0.00874849592144275,3.20241722074213,0.371439520275502,2.09426340634439
"163",30.512727877636,0.65167973235761,0.665339374817895,1.72700557330386,0.73733992132257,1.32464623660371,-1.46524621582457,0.481317342301761
"164",4.91633801915269,-0.472111785141532,0.843500373427639,1.07254207904356,0.0788704897566484,0.381803690928987,-0.0728589640231126,0.155309305060655
"165",-6.39437375399924,-0.441422004937903,-0.954352231544235,1.58341939882592,0.631532703655916,-1.40090589630324,0.581992267416252,0.563736642710865
"166",16.6111533378563,0.494020268701497,-1.1624820614735,1.33528228611949,0.296783968455723,-0.675292197667784,0.721469594340822,2.98670922948008
"167",0.891230442767963,-1.72956130317944,-0.419520838189615,0.495259714761973,-0.488388603504235,-2.15805859457886,0.395481740530092,0.726009065243316
"168",51.5234787219652,1.40906536927049,0.919527754134382,0.834805561148967,-0.15525305841703,2.32606097579365,0.111182598097798,1.058375770648
"169",0.726063546568414,-1.45596474159396,1.41703841935039,0.678507481201575,-0.404846397889029,-0.042082175322986,1.39898691935617,0.0596105540061987
"170",-0.0863025989409376,-0.000734423307924215,-0.551502789407636,0.660552852597254,-0.41127155481647,-0.560628585686747,0.659644484665991,0.645218524248853
"171",24.3766718620349,-0.135987545341984,1.23805892156827,0.0190349047123105,-0.958574339562291,1.11101803309498,-0.0168571410383976,0.162114671942043
"172",14.9622314883269,0.296803161603937,-0.123929778671412,-0.927121561649052,-1.9656939547273,0.171255605143039,-0.00406309784217698,1.38490680600972
"173",3.87933960364489,-0.0345601166511232,-0.129101257737099,1.48283664738365,0.491868915826583,-0.166163506019557,1.0583325813012,1.13728954080017
"174",-6.69738424283122,0.0416204888160418,-1.48157664221394,-0.0699608296635416,-0.974593973142383,-1.44053619435013,2.50151955518622,0.161288970335456
"175",16.9431562394506,0.273653722267858,0.492421628454937,0.954755923395545,0.0290591317921393,0.758992841744282,1.44306648105433,2.04804926170948
"176",31.3316098875969,-0.0958841751957827,0.907414222857604,1.44121684377322,0.466376761662788,0.816276540445847,1.86663438811709,0.194225452840328
"177",-15.2951085028645,-1.34756988603881,0.958302247078836,2.19073531015088,1.28885876464507,-0.401746629005731,-0.954032004228511,0.652902016881853
"178",18.8751993135757,-0.146533884465306,-0.829898070328404,0.271429344814142,-0.674856978200868,-0.969589091028985,-0.123983243298396,1.45795401400763
"179",16.6676840813864,0.272344967508232,-1.10638083620529,0.861375867049541,-0.152904556907313,-0.827908417041466,2.01033615161629,0.52635655971244
"180",13.4694382546322,-0.401919370235321,-0.281844774703851,1.29163961510733,0.270564019357636,-0.685963399309537,-1.45942357751065,0.085289057229287
"181",43.825784189394,0.355316016630917,0.296353521153567,3.65338972334467,2.730565488587,0.659424303702295,0.807629049851241,1.97700699410381
"182",-3.09590352883693,-0.876179622419795,-1.77221745224469,2.02704677674812,1.00893799307062,-2.64803232982874,0.731468820621383,0.797220866153848
"183",-3.88173367203919,-1.43988502129865,1.28629708837334,1.56048859252019,0.55690236549025,-0.155064422461171,0.59980753813947,0.015639285556972
"184",31.5338789440253,1.11466633092899,-0.372308210298561,3.00763485315692,1.99798570081794,0.741333764931173,-1.76086401528406,1.02325875959815
"185",19.6512608686925,0.332478084230387,0.308282115388809,0.704930644077979,-0.266272869408918,0.643903494879097,0.48867211775614,0.624381575267762
"186",37.1813770135579,0.506570027491994,-0.743612586852875,1.14737848411602,0.127301720919327,-0.23573317850683,-0.87163347137551,0.880330157073782
"187",4.9324119428882,0.196381817817145,0.415658273238591,2.41621232561614,1.43299490065659,0.624384019424194,-0.291636486263751,0.398851690312989
"188",45.4811280570556,1.71084294678486,0.479391450717236,-0.571301799883076,-1.5410537482463,2.16858047522801,0.310371510925964,0.214721387244272
"189",36.3439824582253,1.71345970377992,-0.800477139486233,1.96160076962579,1.02820308349683,0.921150706401058,-0.219858085416874,0.670841633807868
"190",10.6197370392357,0.479024756423675,-2.08173514836802,-0.0790916207581716,-0.998503995701729,-1.60416554836042,2.11205641092426,2.01179768881741
"191",19.0248307300865,-0.10136920610886,0.12728841496592,1.05251334433178,0.045407692336025,0.0220181224547535,1.73242380243542,0.396937079261988
"192",13.0500830107742,-0.541177050381769,1.48954847879162,3.84402644708896,2.74923261016358,0.936807110869785,1.45026791764743,0.780317795699785
"193",19.240630098172,-0.314034833004241,-0.679009347009452,1.98293933656215,1.03825733235775,-0.994829641757708,-0.448021011570921,0.872630050840565
"194",3.96889238847984,0.225417397406235,0.587662721476651,0.0341751519110312,-0.939195018723285,0.813660545097117,-1.50259107826802,0.238806569556948
"195",18.0672899075554,-0.11347773660642,0.36118272050711,1.64356291887478,0.620795565892537,0.242244901954762,0.193736625729792,0.643060132395476
"196",-6.75992037566012,-1.93687584533436,0.30492204315809,2.37018337852084,1.35376812145002,-1.65116147300714,1.10441574574884,0.275152259506285
"197",31.5256491257796,0.111522355431057,0.733192227351051,3.36358678320283,2.3106917895002,0.845950838017776,0.0805350792917384,1.03079755650508
"198",39.2220711730794,0.681413164640408,0.707094673814181,0.791143731224374,-0.0904011296327872,1.38961405355882,0.4954050690311,1.62214175583254
"199",-14.2377878733603,-0.390555002240868,-2.90142331120783,0.13534501836012,-0.777314456548377,-3.28838354142715,-0.690880125705805,0.17048284545438
"200",1.73064493502881,-0.754504318808029,-0.442778529010322,0.0727103242649658,-0.960130209628048,-1.21230092515119,0.274363638595948,1.33695875569702
"201",50.447748305849,0.691711131478935,1.38568519221583,1.24484285978229,0.246607887998543,2.052054301977,1.22208079041232,1.9282009936029
"202",30.0808531899604,0.389049481274041,-1.12201437409104,1.89361636338533,0.846421684034222,-0.745798258785802,-0.236729671333952,2.54668528760288
"203",-10.1162458990983,-0.0946255749265329,-0.370408095619346,1.2917496541471,0.237774596630079,-0.446043077349803,-1.38971086012111,1.74511652990224
"204",-22.1784138446653,-1.94898983954639,-0.0731971888516898,0.277754900997195,-0.726351721194012,-2.01535960175737,0.931581963865785,0.00942281726747751
"205",13.8287716070787,-0.665590625981185,0.606592942673277,1.41118577411547,0.451542579494748,-0.0621946831220206,0.099957613222045,0.072759321914202
"206",8.68754689759897,0.0120769311210379,-0.120247175597907,0.485236138120645,-0.47893784165266,-0.109661733819549,-0.270753510426431,0.314688320584255
"207",31.4909153608889,0.420938994935938,0.14177927548332,0.7796081467552,-0.229223746102118,0.568222988578256,-1.22987845121052,0.104314912576228
"208",-9.70005238294111,-0.718380975985535,-0.750590943472805,0.408936800620539,-0.685424024723929,-1.45781329744431,0.0102522853984396,1.67792130945782
"209",35.0829749525718,0.428027218009436,0.66283136275447,1.69639103532406,0.718669387414163,1.0956402644601,-0.221841751903393,1.03695508181573
"210",25.3448188941211,-0.0160188780921168,-1.37965355942641,0.93104441018807,-0.024161288217294,-1.39108271705711,-2.09564628437789,0.150745671708137
"211",9.13963399843478,-0.499218279936819,-0.662831443284279,0.89830628282615,-0.157480372569345,-1.15145404164411,0.899330982557004,2.35037431667063
"212",-17.5027332924831,-1.5945332230083,-1.50095569478994,1.62353366318322,0.64430998245339,-3.09451313081467,-0.129744883860024,1.67150276145878
"213",56.8281332987497,1.59999277224193,-0.752841625402107,2.48890701042663,1.52124591114384,0.841437216230009,1.08835126786218,1.32551870211483
"214",16.9061899046455,0.524218628261476,-0.656544081823074,1.38798992285388,0.328998239511753,-0.138987638641746,-0.818859471886802,0.556154110468924
"215",11.9073200487677,-0.178175007845461,-0.0626894583296972,0.432800409362139,-0.488724528716846,-0.254725198871498,-0.234365191546257,2.56094382504437
"216",29.1614448814339,-0.408012477050858,0.112503585691761,1.62477712774471,0.563918815871576,-0.302114055316405,-0.498114156209206,0.695103808264148
"217",15.6102267349316,0.998110279167925,-0.532712509656512,1.87540601007271,0.755701390964767,0.467609156864585,-0.486826300025206,0.452721918467432
"218",17.7560449188947,1.24175037129753,0.291243416181888,0.353903300970529,-0.69764277555858,1.53268893905988,0.301252412872799,0.639463123399764
"219",-6.2223789595311,-1.5376912856926,0.0870409230897436,2.64310224716847,1.59077543659751,-1.45725908507063,1.99231467368139,0.439236935693771
"220",18.0447636603479,-0.439685319197455,-2.21479402975196,2.37975063978239,1.3435338530563,-2.65310015512394,0.202772556810887,1.0453630594493
"221",-11.9789568374119,-0.424076442383366,0.564320437865693,1.16586386632831,0.214946163538006,0.135029303619406,-1.52722631456249,0.34471714310348
"222",24.698624069139,0.175965183458571,-1.21808902730398,0.67228492024588,-0.268927208361997,-1.03639279651715,0.580882745095485,1.08365757945449
"223",31.0138824908987,0.415439338761882,0.565301235564693,1.71398044621279,0.727220089592218,0.972329165347408,-0.761986763153008,0.133375823963434
"224",10.8918063681525,0.646312506561019,-0.650672493388985,0.313356986613948,-0.692492146328929,-0.0018027535624831,1.05938564786891,0.433757943101227
"225",-21.2784131283876,-2.00446250891521,-2.13592736136008,1.00841782968661,-0.0471914875270789,-4.13303204200629,-0.15518117740716,0.257523620501161
"226",17.2232016772728,-0.928311382104481,1.48249554689121,0.67785858479602,-0.250246495882363,0.551088600925094,0.19382800189156,0.779047114906868
"227",26.2153682305383,0.348342234260739,1.53507144347664,0.525676814833299,-0.352998979442992,1.86016407020915,1.38017268532899,0.772390166004972
"228",36.9384685088591,0.693958192757894,-0.418994482991054,1.81157460828602,0.769351164414515,0.273972506236385,1.58072491542946,0.98085987656833
"229",-9.45807081371317,-0.94769002275262,0.289558317601114,0.526270913492613,-0.507451904510071,-0.656901610350298,-0.341465972385075,0.245513516134736
"230",45.8731975559907,1.52747153709321,-0.418664502330055,0.79391318217427,-0.219255784356734,1.1179770405288,0.348769663035734,0.628859742544591
"231",16.3795599953894,0.389702289286235,1.86745567786405,0.947425980139669,-0.0614774880393579,2.24518392113056,-0.417596656386964,0.0649005542936228
"232",20.1888645262962,0.366216634736674,1.67967590016698,2.05126329565355,1.0096576732081,2.04345866819606,-0.737613925318679,1.05838445849241
"233",21.3953398714543,0.420817597815879,0.782967407567274,1.82399520253696,0.792917626387482,1.20901240729465,0.41556764657404,0.447174919989568
"234",29.3656050595617,0.771328049826939,0.958749854061167,2.98178180142463,1.97750959343494,1.73206033142387,1.45826362580005,0.895025436233458
"235",-30.8257184523722,-1.1925604727312,-0.784881179848752,1.12454836232085,0.115111714468447,-1.98906077365941,-0.16652474467639,0.0838522207923234
"236",26.3986468345988,1.88628492018492,-0.888998792838571,0.757057878274967,-0.217299269050261,1.00795802459886,-0.506621540601381,0.142877770725727
"237",14.4832409832692,-0.359919308696131,0.953100286027578,1.3394078492011,0.323403867036683,0.605925984692197,-1.74367338402572,1.67353358111324
"238",27.9736418424527,0.108663657171255,0.833396257712092,1.31030580044251,0.327771590411984,0.94108363040949,-1.20643164932191,0.136889740359038
"239",-4.42736717476366,-0.372852726692675,0.504460824824451,-0.0476616938950005,-1.00246956092759,0.12168642388212,1.18089059753837,1.69936188581186
"240",-16.4492291527445,-0.742295099026451,-1.79047665933166,2.01875417675062,1.02686984042196,-2.52923810661906,1.02691832761709,3.24378416670446
"241",13.7026622150158,-0.00964850580049529,0.615608211452291,-0.0997730800022518,-1.13873657662666,0.608231350916014,-0.593524803104954,3.85910603941834
"242",35.6633499056461,1.44071934685417,1.00650075677672,0.733775995302224,-0.206932653072083,2.44096769410882,0.101648636127385,0.284759471201242
"243",36.4977607097368,1.28795521882868,1.64299397911121,-1.48582493779493,-2.47107259848609,2.95425148376333,0.962959409688437,1.02722030414965
"244",20.7523317057372,0.501000904383861,-1.40967634854619,0.780272935921019,-0.126905565397126,-0.918355036199164,-0.316847627188195,1.62635838231983
"245",2.38377323525211,-1.55097866107457,0.351404381282651,1.65603364943109,0.675669198550818,-1.20364005515781,-0.106528578680989,1.17788239284874
"246",-36.82588147059,-2.13542700315152,-1.16319067473602,1.06024206869899,0.0126397584273008,-3.28770238911938,-1.14084888591723,0.0609554634429514
"247",5.19031765887971,0.0232912698150463,-0.126802607703551,-0.555074489651838,-1.59986750821055,-0.0971230315704682,1.47992988561288,0.529218186624348
"248",8.71510282717243,-1.38629107826598,2.03599902018968,2.63671103219213,1.65566599491755,0.66468931799079,-0.0784501033854677,1.89868213617124
"249",15.0818485017401,0.563396997089827,-1.78415980745277,0.55581522978768,-0.383397929962381,-1.21646768685807,0.47219580376126,1.65966343501054
"250",-2.46269732134562,-0.257032464604955,-0.632724132716353,-0.177713264689455,-1.21092950207732,-0.891614227474091,0.809993117420659,0.0351092941404606
"251",26.7351378685489,0.0292642869492322,1.11154589596777,-0.450078970658863,-1.54583545873948,1.15436019173506,-1.40699090929551,0.487043119966984
"252",5.95869654670947,-0.444807501459308,0.899639620938996,0.756170747251174,-0.268202413953119,0.440206825260586,0.763046127382839,2.40178740198228
"253",11.0005378287425,0.306805062372318,-1.87435918449462,0.937724439078908,-0.0556956317944618,-1.56843905254388,0.534386261039155,0.0101134279545372
"254",-27.1087710054558,-1.58025156797195,-1.47387153995723,1.02008952670748,0.0236167001949969,-3.05597582639098,-0.482197593827515,1.49750900446417
"255",11.8174698666224,-0.528851176882073,0.0546136983262053,0.654438663657178,-0.290549294345978,-0.478993251501759,-1.34190487813817,0.0426171943545341
"256",2.18096538739476,-1.18529010996743,0.967071443632447,1.98307700611073,0.969138329136428,-0.201691625772572,0.520580902517928,0.0830646283484466
"257",7.68740800903338,-1.42622538248693,-1.20545509540265,0.858699519913882,-0.24009065491961,-2.6430855042028,2.08289381245579,0.557658130768687
"258",31.0424077475609,-0.0817235255541485,0.0212429685279493,2.88689239481371,1.89726346385574,-0.0491350476771769,0.480481359249999,0.236759569495916
"259",28.0361338688656,0.69222433507026,0.764046899531399,1.23519465304916,0.248627704640228,1.4446347869761,0.0917816965753367,0.0683187111280859
"260",21.8120544508087,-0.819915643393019,-0.120507740933433,1.88221726067806,0.807269323525385,-0.939663983858793,-0.932329227502237,1.9388314000422
"261",13.8420080539274,0.261259039755834,-1.11542744947287,2.14389807987649,1.23166051476291,-0.856055918915744,1.61734314258774,2.93917886150961
"262",6.80515745987856,-0.318120532158958,0.532035227462803,0.770932841289824,-0.100732950318712,0.201577196707778,0.0376155466674639,0.309204989578575
"263",22.5998764429988,0.370310875887061,-0.149222709790395,1.56303811360728,0.580320480609944,0.221645651991805,-1.85583997542508,0.596395288128406
"264",-5.45116525076618,-1.12932832228059,0.074466129205657,1.90028789892129,0.89621005644879,-1.06625419831835,-0.243175256823099,0.878605754820106
"265",14.4416297177874,-0.216544257204313,-1.61234219287969,0.36079707337554,-0.64770080117677,-1.82084480138042,-0.435115855668687,0.211211028055041
"266",8.98001169474789,-0.347035158550824,-1.2974719819435,0.545239065587126,-0.407651620084058,-1.66095007773259,0.492741779267938,0.0979795953612967
"267",59.9488737346315,1.91546719599691,1.47859523542946,1.73910881832651,0.751078885720804,3.40508477424414,-2.04260164184437,0.748761862991044
"268",16.8083118692013,0.451435125604332,-1.58916910559242,1.28187583435378,0.228396148090377,-1.13317494278944,-0.458953723207723,0.533562258817255
"269",3.39229441125911,0.701120793891876,-2.30037189231424,0.692395996775927,-0.29283365433096,-1.61155564294144,1.0327570752804,3.34384344501381
"270",15.5186695079748,0.433057313377382,0.135240035203334,1.85015232240754,0.827627740997842,0.54838481164136,-1.23090410356945,0.12040131026879
"271",16.7136620618654,0.84525800245679,-1.69990607784077,2.4571955051022,1.4614084197832,-0.850061747969221,-1.47587318470764,0.802174614059118
"272",14.4828521574868,0.425314735861656,0.23637173914467,-0.0346190756361711,-1.11613934530581,0.649469019762989,-0.492012791502552,0.175971800347867
"273",20.7205657776221,0.777956773691819,0.457177555864106,0.625861027277765,-0.323485023432869,1.23574379523643,0.0571277892407753,1.12812575507433
"274",17.2374247297018,0.720320758215877,-1.12770091637819,0.81565508577323,-0.152707136985919,-0.405651436221794,-0.292987618902479,0.214312081225216
"275",21.2668072805563,0.613942467210367,0.103960264670873,0.64483602653522,-0.30918401022959,0.727840436147903,-1.10773427809599,2.94658999873285
"276",4.08097870940092,-1.15027031562683,0.839418361523255,0.656102600912704,-0.199870697291931,-0.298924750963146,-0.195132408243311,2.03059159210863
"277",-25.6271349231566,-1.56731253915674,-0.743035671816165,1.07502778558975,0.0216584111248685,-2.29985818121093,0.685603206515923,0.348212102632664
"278",10.6244306989483,0.21265565477306,0.94944241546577,0.680521451437373,-0.345940807342144,1.14337795413507,-0.128041686694058,0.786564779425872
"279",25.3542145558222,-0.229940217289077,2.46778883672265,-0.161046835468849,-1.17153037376044,2.22668985666739,-0.785856396164234,1.16416625208677
"280",24.8560286381358,0.813596575348704,0.697746347941672,0.548082043563413,-0.424015811839047,1.5164690346207,1.39584350454144,0.676958200521767
"281",37.512203225939,1.01442000776403,0.097730495342567,1.48622615448923,0.494899357581452,1.10609703808018,0.0521868954560733,2.4898917878649
"282",53.3328693596998,1.98083405069078,-0.0151608209044444,1.95290108105675,0.999881096002805,1.9694245458065,-0.775501757122392,1.51377086988665
"283",29.6243160235512,1.09172374066514,-1.32043013069242,0.520091242303098,-0.374464625669133,-0.231486872625475,0.0256811366659451,0.239693849813193
"284",-3.09285866959321,-1.43535792791253,0.196587876398981,1.02748552985793,0.0464465139885845,-1.23952034100319,0.222115701289267,0.329014337155968
"285",1.95921102866844,-0.555642295394828,-0.288940231776903,0.101012754078627,-0.853657706806204,-0.844579163306857,0.641492761425579,0.425888103898615
"286",57.601382643026,1.83421252302099,0.617463748499102,3.01109781403074,2.05237457679391,2.45540770319418,-0.977819055401107,1.67344663097503
"287",24.189850189811,0.042479382665261,1.25193650420638,1.2144278751326,0.162479130033971,1.27856285360663,-0.305020617733001,0.680551413446665
"288",-5.07646431622536,0.304011665659446,-0.573745397272231,-1.17201907068461,-2.15931914019082,-0.256668134220961,-0.145155690043207,0.192469788249582
"289",47.3797532340927,1.34800412678978,0.267032921067668,0.302601017778816,-0.714700805163879,1.6103221923518,0.272345342223515,0.578205846715719
"290",-6.01889977655015,-0.231322154853405,-0.383232893459486,1.18488024668254,0.120111197816764,-0.619840599914074,0.342778743580997,1.24776295847715
"291",29.5773598049794,0.6754964053986,-0.539248320512,2.29100894755577,1.2958061876475,0.129642670346577,1.30241599155229,0.877184612634492
"292",32.5680628695362,0.138242858548816,-0.760989854763436,2.58758998358262,1.70211178210588,-0.617717170776838,0.856753618447903,1.5554009246731
"293",1.75261190354742,-1.72761143278529,0.900993723443945,3.78372890335982,2.70717321234254,-0.833485133976231,-0.22098044332051,0.000151369649438577
"294",-2.26137166901144,-0.461986121009264,-1.4104294290835,2.62226075587756,1.68356331302764,-1.86553525664976,-2.091321373546,0.240422436967492
"295",30.4212467219148,0.119399125369809,1.74814429350102,1.09508544758614,0.164757847713633,1.84796958281015,1.59746406555995,0.329815823584795
"296",-33.4595662126711,-3.36171354881399,1.72208453108209,-0.459414447621002,-1.50528426600863,-1.63552514490542,1.4589954640043,0.933143081278468
"297",-14.2986057980868,-1.10271228587518,0.461752966071199,1.11492469377095,0.0245150426256645,-0.638176263760962,0.415178579485984,1.72878052834487
"298",31.1436822697944,1.31255085522544,-0.179069882149939,0.364440423999976,-0.59216127436036,1.13322198977,-0.28186613821531,0.9934177444131
"299",31.703322410248,0.100978966082416,-0.0156368053386688,-0.528582662718865,-1.48206537210866,0.0707784432103131,-2.09788086456082,0.830978411207807
"300",3.46039156870728,-1.57389860323746,-1.67431849015614,1.84406249681842,0.772386576066107,-3.24506254243635,-0.42653055073655,0.168563530780375
